"CODGEO";"REG";"DEP";"ARR";"CV";"ZE2010";"LIBGEO";"P10_POP";"P99_POP";"D90_POP";"D82_POP";"D75_POP";"D68_POP";"SUPERF";"NAIS9910";"NAIS9099";"NAIS8290";"NAIS7582";"NAIS6875";"DECE9910";"DECE9099";"DECE8290";"DECE7582";"DECE6875";"NAIS11";"NAIS10";"NAIS09";"NAIS08";"NAIS07";"NAIS06";"NAIS05";"NAIS04";"NAIS03";"NAIS02";"NAIS01";"NAIS00";"NAIS99";"DECE11";"DECE10";"DECE09";"DECE08";"DECE07";"DECE06";"DECE05";"DECE04";"DECE03";"DECE02";"DECE01";"DECE00";"DECE99";"P10_POP0014";"P10_POP1529";"P10_POP3044";"P10_POP4559";"P10_POP6074";"P10_POP75P";"P99_POP0014";"P99_POP1529";"P99_POP3044";"P99_POP4559";"P99_POP6074";"P99_POP75P";"P10_POPH";"P10_H0014";"P10_H1529";"P10_H3044";"P10_H4559";"P10_H6074";"P10_H7589";"P10_H90P";"P10_H0019";"P10_H2064";"P10_H65P";"P10_POPF";"P10_F0014";"P10_F1529";"P10_F3044";"P10_F4559";"P10_F6074";"P10_F7589";"P10_F90P";"P10_F0019";"P10_F2064";"P10_F65P";"C10_POP15P";"C10_POP15P_CS1";"C10_POP15P_CS2";"C10_POP15P_CS3";"C10_POP15P_CS4";"C10_POP15P_CS5";"C10_POP15P_CS6";"C10_POP15P_CS7";"C10_POP15P_CS8";"C99_POP15P";"C99_POP15P_CS1";"C99_POP15P_CS2";"C99_POP15P_CS3";"C99_POP15P_CS4";"C99_POP15P_CS5";"C99_POP15P_CS6";"C99_POP15P_CS7";"C99_POP15P_CS8";"C10_H15P";"C10_H15P_CS1";"C10_H15P_CS2";"C10_H15P_CS3";"C10_H15P_CS4";"C10_H15P_CS5";"C10_H15P_CS6";"C10_H15P_CS7";"C10_H15P_CS8";"C10_F15P";"C10_F15P_CS1";"C10_F15P_CS2";"C10_F15P_CS3";"C10_F15P_CS4";"C10_F15P_CS5";"C10_F15P_CS6";"C10_F15P_CS7";"C10_F15P_CS8";"C10_POP1524";"C10_POP1524_CS1";"C10_POP1524_CS2";"C10_POP1524_CS3";"C10_POP1524_CS4";"C10_POP1524_CS5";"C10_POP1524_CS6";"C10_POP1524_CS7";"C10_POP1524_CS8";"C10_POP2554";"C10_POP2554_CS1";"C10_POP2554_CS2";"C10_POP2554_CS3";"C10_POP2554_CS4";"C10_POP2554_CS5";"C10_POP2554_CS6";"C10_POP2554_CS7";"C10_POP2554_CS8";"C10_POP55P";"C10_POP55P_CS1";"C10_POP55P_CS2";"C10_POP55P_CS3";"C10_POP55P_CS4";"C10_POP55P_CS5";"C10_POP55P_CS6";"C10_POP55P_CS7";"C10_POP55P_CS8"
"13201";"93";"13";"133";"1399";"9310";"Marseille 1er Arrondissement";39349;37388;35524;44673;46247;51419;2;7790;;;;;3502;;;;;622;699;704;727;776;739;731;783;727;730;690;632;551;254;305;301;283;266;308;294;317;301;329;307;369;427;6949;9362;8960;7017;4637;2424;6367;8875;8170;6771;4543;2662;19641;3571;4391;4538;3556;2611;902;72;4891;12246;2504;19708;3378;4971;4422;3461;2026;1282;169;4918;12274;2516;32389;3;1130;3632;4358;5309;3265;5722;8970;30813;20;1249;2530;3462;4629;3449;5797;9677;16080;3;791;2052;2032;1832;2748;3033;3589;16309;0;339;1580;2326;3477;517;2690;5382;6197;0;52;92;440;882;432;0;4301;16989;3;814;2999;3485;3894;2406;62;3326;9203;0;265;541;433;533;428;5660;1343
"13202";"93";"13";"133";"1399";"9310";"Marseille 2e Arrondissement";25495;24582;26801;31326;32974;39743;5;4584;;;;;2493;;;;;449;437;444;445;421;441;426;428;408;416;417;378;360;201;198;198;217;237;232;211;221;253;233;244;229;218;4412;5440;5735;4629;3218;2061;4350;5069;5107;4633;3351;2072;13035;2301;2874;3013;2388;1634;778;47;3083;8111;1841;12460;2111;2567;2722;2240;1584;1079;157;2814;7392;2253;21085;7;625;1613;2304;3839;2679;4658;5358;20148;23;580;931;1647;3280;2254;4397;7036;10736;7;489;985;1155;1393;2204;2283;2219;10348;0;136;628;1149;2446;475;2375;3139;3347;0;50;63;229;586;324;0;2095;10995;7;390;1326;1815;2841;2079;102;2436;6742;0;185;224;261;413;276;4556;828
"13203";"93";"13";"133";"1399";"9310";"Marseille 3e Arrondissement";44975;41707;42414;42198;45431;53633;3;10167;;;;;3623;;;;;1046;1082;1030;988;1107;990;996;982;913;900;819;737;705;298;293;304;325;297;280;314;334;380;350;357;305;377;10849;9611;9604;7318;4669;2924;8736;9086;8651;6710;5361;3163;21953;5511;4589;4728;3612;2428;1043;43;7084;12267;2603;23022;5337;5022;4876;3706;2241;1668;170;6939;12808;3275;34127;10;885;801;3095;6120;5118;6300;11799;32955;4;712;736;2648;6582;4756;7104;10413;16437;10;713;500;1697;1784;4367;2898;4468;17690;0;172;301;1398;4336;751;3402;7330;6487;0;34;30;295;879;621;0;4628;17999;10;742;671;2307;4598;3979;88;5604;9640;0;108;100;493;643;518;6212;1567
"13204";"93";"13";"133";"1399";"9310";"Marseille 4e Arrondissement";47911;43780;44980;50451;57434;62140;3;6994;;;;;5582;;;;;701;781;699;686;693;673;640;668;603;580;649;508;595;472;443;458;458;426;438;496;487;550;530;475;688;576;7913;9104;10031;8531;6651;5682;6138;8293;9099;7718;7125;5407;21337;3909;4259;4718;3873;2834;1609;135;5157;12744;3435;26574;4004;4845;5313;4658;3816;3539;399;5327;14904;6343;40004;15;1037;3718;5955;7644;3360;10864;7411;37820;4;972;2540;5060;7062;3436;10692;8054;17407;12;744;1969;2762;2161;2896;4241;2622;22597;3;294;1749;3193;5483;464;6623;4789;5555;6;53;118;427;960;500;0;3492;19588;0;828;3030;4767;5788;2563;34;2578;14861;10;156;570;761;896;297;10830;1341
"13205";"93";"13";"133";"1399";"9310";"Marseille 5e Arrondissement";45535;41386;40186;48371;52804;55017;2;6194;;;;;4741;;;;;652;664;632;561;646;592;579;581;534;522;523;519;505;382;381;376;359;378;395;414;405;443;477;426;426;642;6341;12271;9804;7576;5196;4347;4927;10753;8584;6471;5927;4724;20443;3266;5151;4882;3477;2156;1392;119;4585;13157;2701;25092;3075;7120;4922;4099;3039;2497;340;4862;15581;4649;39172;14;793;4362;6561;6791;3158;8507;8986;36272;2;999;3018;4966;6017;2787;9157;9326;17164;6;582;2228;2887;2135;2630;3350;3345;22008;9;210;2134;3674;4655;528;5157;5642;8248;0;14;412;684;1216;498;0;5424;19014;6;629;3468;5179;4820;2367;39;2507;11910;8;149;483;699;755;293;8468;1055
"13206";"93";"13";"133";"1399";"9310";"Marseille 6e Arrondissement";42133;41160;39263;44715;47661;53372;2;6358;;;;;3864;;;;;600;605;596;601;565;644;584;606;561;574;578;527;522;323;373;336;330;343;364;300;350;378;356;383;356;368;6161;9858;9637;7412;5174;3891;5763;9908;9046;7186;5150;4107;18792;2941;4331;4653;3398;2161;1211;98;3900;12365;2528;23341;3221;5527;4984;4014;3013;2304;278;4582;14390;4369;35965;10;1230;5941;6315;5384;2276;7649;7159;35371;18;1471;4316;5287;5614;2155;7665;8845;15864;7;835;3139;2724;1689;1854;3037;2578;20101;3;395;2802;3591;3695;422;4612;4581;6131;0;33;239;591;935;341;0;3992;18349;7;924;4792;5022;3775;1710;29;2090;11484;3;273;910;702;674;224;7620;1077
"13207";"93";"13";"133";"1399";"9310";"Marseille 7e Arrondissement";35904;35973;36704;40655;47006;53957;6;4358;;;;;4483;;;;;404;446;445;411;369;392;400;388;405;409;355;390;394;350;349;351;356;408;391;398;376;450;431;373;575;374;4602;5691;7457;7156;6179;4818;4848;6225;7455;7141;5960;4344;16334;2218;2784;3599;3334;2665;1612;123;3097;9924;3314;19570;2384;2908;3858;3822;3514;2706;377;3192;11210;5168;31302;50;1151;4579;4792;4497;1752;9521;4961;31052;20;1108;3560;4244;5256;1880;8560;6424;14093;43;846;2486;2085;1348;1457;4006;1821;17209;6;305;2093;2706;3149;295;5515;3139;3511;1;54;47;278;538;255;0;2337;14360;35;844;3542;3839;3326;1264;63;1446;13432;14;253;990;674;634;233;9457;1177
"13208";"93";"13";"133";"1399";"9310";"Marseille 8e Arrondissement";78001;75346;79081;76776;74754;70606;19;8706;;;;;8236;;;;;829;903;848;825;767;768;779;736;776;746;830;816;815;779;802;802;788;739;725;800;677;797;766;715;702;725;11038;13112;13688;15959;13683;10522;11254;13254;14898;15278;12656;8006;35957;5570;6678;6436;7302;6220;3518;234;7993;20552;7412;42044;5468;6434;7252;8656;7463;6044;726;7555;23241;11248;66982;29;2308;10713;9888;8402;2716;20572;12355;64100;48;2380;8312;8896;8784;3064;17020;15596;30391;20;1613;6250;4200;2472;2246;8827;4763;36591;9;695;4463;5688;5930;470;11745;7592;8839;0;70;197;660;973;467;0;6472;28454;21;1671;8094;7507;6095;1895;191;2979;29689;8;566;2421;1721;1335;354;20381;2904
"13209";"93";"13";"133";"1399";"9310";"Marseille 9e Arrondissement";75234;72760;70832;73404;73802;66893;63;9293;;;;;7156;;;;;836;862;906;926;826;897;779;833;827;777;827;856;839;677;689;731;632;625;679;680;696;695;602;564;656;596;12054;14969;14170;14126;11430;8485;12397;15422;15256;13264;10305;6116;35789;6140;8056;7043;6437;5122;2791;199;8519;21343;5927;39445;5915;6913;7127;7689;6307;4930;565;7977;22193;9274;63173;21;1541;6938;9439;10043;4035;17322;13834;60333;12;1824;5457;8150;10111;3808;13688;17283;29695;20;1135;4246;4090;3213;3434;7360;6196;33478;1;406;2692;5349;6830;600;9962;7638;10131;0;66;177;684;1428;773;0;7004;28206;9;1091;5199;7396;7311;2780;106;4314;24835;12;384;1562;1360;1304;482;17216;2517
"13210";"93";"13";"133";"1399";"9310";"Marseille 10e Arrondissement";52567;49163;50079;54093;55260;49363;11;6971;;;;;4797;;;;;705;731;743;670;664;648;635;628;572;553;607;621;630;421;457;443;432;459;412;456;432;469;427;425;410;432;9249;10793;10247;9919;7043;5316;8803;9877;10658;8890;7308;3627;24722;4609;5222;5099;4501;3251;1941;99;6406;14284;4031;27845;4641;5571;5148;5419;3792;3006;270;6426;15774;5646;43304;18;1063;2680;6294;8674;4634;10880;9061;40292;16;1056;1752;5168;8468;4544;9124;10164;20075;14;795;1569;2977;2518;3968;4724;3511;23229;4;268;1112;3317;6156;665;6156;5551;7279;1;33;121;471;1188;798;0;4668;20737;17;852;2130;5164;6578;3347;75;2575;15288;0;179;429;659;909;490;10804;1819
"13211";"93";"13";"133";"1399";"9310";"Marseille 11e Arrondissement";57302;53520;51185;50757;44540;35435;34;7458;;;;;4172;;;;;706;689;701;701;657;696;633;686;621;645;718;734;666;391;407;380;434;419;371;397;367;388;367;363;347;339;10941;10725;11006;12861;7493;4276;11392;10388;12372;10279;6357;2732;27426;5537;5368;5178;6164;3494;1602;82;7781;16108;3537;29876;5404;5357;5827;6697;4000;2309;282;7528;17496;4853;46394;19;1415;3012;6338;9360;5247;10671;10331;42086;18;1311;2037;5281;8652;5605;7733;11449;21935;11;1071;1859;3038;2689;4426;4925;3916;24459;9;343;1153;3300;6672;821;5746;6415;7892;0;78;34;467;1335;934;0;5044;22934;8;1123;2497;5083;6965;3726;94;3438;15568;11;214;481;788;1060;588;10577;1849
"13212";"93";"13";"133";"1399";"9310";"Marseille 12e Arrondissement";59561;56404;55897;57928;59618;57450;14;6760;;;;;8063;;;;;663;693;679;663;572;655;576;572;618;573;612;652;588;659;661;671;722;758;686;724;690;803;739;759;772;739;9678;9332;11215;12137;9820;7380;9286;9511;11866;11085;8893;5763;27241;4925;4723;5173;5677;4262;2290;192;6729;15518;4994;32320;4752;4610;6042;6460;5558;4286;612;6462;17658;8200;49883;20;1732;4835;8162;7974;3430;15304;8427;47236;52;1700;4128;6636;7868;3416;12168;11268;22354;16;1294;2924;3624;2206;2983;6396;2910;27529;4;438;1911;4538;5768;447;8907;5517;6358;0;59;70;436;837;663;0;4293;22526;9;1347;3685;6573;6146;2466;115;2185;20999;11;325;1080;1153;992;300;15189;1949
"13213";"93";"13";"133";"1399";"9310";"Marseille 13e Arrondissement";90256;80174;78823;83517;82915;73640;28;13471;;;;;8345;;;;;1360;1341;1224;1307;1282;1310;1214;1185;1201;1222;1238;1198;1090;736;742;828;789;754;737;749;701;839;807;759;689;693;18951;19442;17465;16911;10520;6967;17010;16968;16931;13611;10191;5463;42934;9774;10124;8091;7858;4682;2292;112;13417;24468;5049;47322;9177;9318;9374;9052;5838;4011;552;12292;26994;8036;71298;24;1935;4217;9392;13389;8154;15673;18514;63394;48;1892;2388;6544;12271;8180;12748;19323;33165;4;1403;2557;4443;3719;6910;6707;7420;38133;19;532;1660;4949;9670;1243;8966;11094;14047;0;84;109;905;1810;1441;0;9698;34558;1;1531;3380;7429;10234;5909;128;5946;22694;23;320;728;1059;1345;804;15545;2870
"13214";"93";"13";"133";"1399";"9310";"Marseille 14e Arrondissement";60070;56755;56995;67552;70948;61769;16;10908;;;;;5075;;;;;1112;1043;1032;1025;1021;1048;1009;988;948;993;932;1013;899;414;452;478;410;436;454;461;450;499;486;469;464;468;13948;12509;11566;10453;6942;4652;12932;12753;11563;8797;7168;3542;28756;7284;6348;5315;4874;3180;1679;76;9784;15263;3709;31314;6664;6161;6251;5579;3761;2627;270;8915;17180;5219;46124;4;1163;1426;4055;7976;6587;9820;15091;44060;2;1037;1026;3468;8315;6701;8760;14751;21469;4;918;820;1856;2126;5470;4663;5612;24655;0;245;607;2199;5850;1117;5157;9479;9128;0;46;62;385;1061;860;0;6714;22175;0;874;1178;3241;6017;4951;78;5834;14820;4;243;186;429;898;776;9742;2543
"13215";"93";"13";"133";"1399";"9310";"Marseille 15e Arrondissement";79300;70885;74543;89229;96587;80311;17;13819;;;;;5882;;;;;1436;1314;1300;1322;1339;1363;1295;1280;1271;1250;1156;1198;1045;525;504;515;513;524;553;544;512;559;550;523;594;495;18563;15622;16010;13399;9515;6191;16101;14999;14737;10862;9946;4240;38543;9395;7705;7712;6620;4681;2318;112;12372;20869;5302;40757;9169;7917;8298;6778;4835;3474;287;11942;22054;6761;60736;39;1375;1328;4318;9835;9056;13516;21271;54510;8;1171;1018;3566;9821;9869;11337;17720;29161;36;1065;787;2234;2623;7827;7004;7586;31575;3;311;541;2084;7212;1229;6511;13685;10771;3;113;59;421;1291;1149;0;7734;30591;36;1102;998;3470;7743;7110;174;9958;19374;0;160;271;427;801;796;13341;3578
"13216";"93";"13";"133";"1399";"9310";"Marseille 16e Arrondissement";17133;16508;17243;18791;20619;24281;16;3797;;;;;2325;;;;;361;352;344;359;383;354;310;337;317;350;327;354;362;194;210;199;212;187;247;199;203;179;216;240;262;181;3319;3057;3269;3467;2233;1788;3143;3106;3491;2701;2578;1489;8075;1741;1495;1485;1710;1017;600;26;2388;4462;1224;9058;1578;1562;1784;1757;1216;1032;129;2117;5097;1844;13810;3;265;939;1767;2143;1709;3706;3276;13386;24;296;392;1224;2308;1980;3268;3894;6324;3;197;536;790;498;1457;1659;1185;7486;0;68;403;977;1645;252;2048;2092;2151;0;7;14;155;246;297;3;1429;6536;3;221;790;1445;1586;1241;15;1234;5124;0;37;135;168;311;171;3688;614
"69381";"82";"69";"691";"6999";"8214";"Lyon 1er Arrondissement";28755;26861;26570;25600;31187;41200;2;4827;;;;;1884;;;;;430;475;495;428;450;478;441;472;431;413;417;436;366;156;191;136;151;149;144;161;166;193;193;194;178;219;4096;9406;6798;4087;2574;1794;3926;8912;5927;3904;2389;1803;13795;2039;4354;3595;2019;1179;575;34;2851;9696;1248;14960;2057;5052;3203;2068;1395;969;216;3089;9864;2007;24674;12;712;5651;4711;3344;1409;3623;5212;22955;0;732;3904;3988;2988;1696;3560;6087;11765;12;495;3279;2104;1188;1100;1521;2065;12909;0;217;2371;2607;2156;309;2102;3147;5807;0;27;329;575;931;318;0;3626;13236;9;563;4707;3804;2182;912;17;1042;5632;3;123;614;332;231;178;3607;544
"69382";"82";"69";"691";"6999";"8214";"Lyon 2e Arrondissement";30103;27970;28602;29324;34416;42900;3;4135;;;;;2157;;;;;383;373;326;390;326;339;403;431;424;391;384;371;350;187;173;158;173;184;208;171;206;195;212;212;210;228;4291;9830;5926;4613;3154;2289;3890;8951;5288;4519;3057;2265;13938;2176;4394;2973;2240;1440;640;74;3108;9316;1514;16165;2114;5436;2953;2373;1715;1409;165;3484;10133;2549;25792;21;995;5001;4108;3490;1420;4171;6588;24108;12;980;3700;3108;3073;1176;4348;7711;11732;9;761;2949;1800;1211;1085;1655;2261;14061;12;233;2052;2308;2279;335;2515;4326;6913;0;27;345;658;890;296;0;4697;12024;16;687;3832;3100;2252;959;12;1167;6855;5;281;824;350;348;164;4159;724
"69383";"82";"69";"691";"6999";"8214";"Lyon 3e Arrondissement";96162;82504;70278;65105;74402;88800;6;16763;;;;;6745;;;;;1561;1615;1647;1583;1579;1569;1578;1580;1491;1530;1463;1386;1357;568;581;581;554;563;582;621;596;696;617;646;633;656;14632;29432;21828;14411;9262;6597;13249;23803;18107;12973;8518;5854;45077;7423;13062;11264;6745;4358;2095;130;10108;30360;4609;51085;7209;16370;10564;7667;4904;3844;527;11089;32850;7146;81531;25;1941;16328;15427;12406;5406;13701;16297;69440;4;2232;9437;12188;10758;5428;12548;16845;37621;22;1386;9629;7052;3491;4421;5738;5881;43910;4;555;6698;8375;8914;985;7962;10416;18835;1;56;1169;2273;2782;1032;0;11522;42156;21;1385;13302;11825;8411;3800;87;3326;20540;4;500;1857;1329;1212;575;13614;1449
"69384";"82";"69";"691";"6999";"8214";"Lyon 4e Arrondissement";34988;33781;30555;30677;33204;39700;3;5747;;;;;3429;;;;;470;479;517;500;462;530;520;493;531;582;546;545;521;310;296;307;310;305;281;306;320;334;323;312;320;311;5790;7106;8340;6026;4171;3555;5506;7632;7709;5704;4171;3059;15969;2838;3265;4063;2761;1826;1132;84;3677;10101;2191;19019;2952;3840;4276;3265;2346;2042;297;3959;11323;3737;29191;8;903;6069;5838;3857;1615;6730;4172;28100;4;1017;4538;5108;3890;1949;6322;5272;13135;8;634;3365;2394;1134;1308;2724;1569;16056;0;269;2704;3444;2722;307;4006;2604;4284;0;16;190;510;591;271;0;2706;15271;5;672;5038;4724;2779;1160;24;870;9636;3;215;842;604;487;184;6706;595
"69385";"82";"69";"691";"6999";"8214";"Lyon 5e Arrondissement";46738;46972;46071;47372;48735;50400;6;6900;;;;;4624;;;;;641;620;594;577;616;626;618;617;635;643;665;689;620;415;445;433;423;411;415;373;400;478;449;424;407;411;6792;11743;8756;8269;6158;5020;7681;12045;9779;8088;5730;3649;21257;3465;5462;4377;3697;2596;1516;145;5112;13045;3099;25481;3328;6281;4378;4572;3562;2824;535;5134;14908;5439;39940;11;968;6245;6335;5563;2677;9754;8387;39043;4;1183;4943;6210;6212;2814;7756;9921;17840;11;700;3686;2874;1398;2162;3871;3138;22100;0;268;2559;3460;4164;516;5883;5249;8058;0;26;273;591;1028;443;0;5696;17861;0;685;4878;4899;3858;1934;42;1566;14022;11;257;1094;845;676;301;9712;1126
"69386";"82";"69";"691";"6999";"8214";"Lyon 6e Arrondissement";49088;48165;47664;48958;52590;68600;4;6895;;;;;4134;;;;;549;653;589;633;637;691;588;592;650;662;623;637;593;341;313;358;337;351;346;372;399;401;387;362;417;404;7249;12788;9937;7965;6038;5111;7167;12360;9581;8182;6240;4635;22327;3693;5948;4784;3636;2587;1581;98;5461;13679;3187;26761;3556;6840;5152;4329;3451;3068;363;5542;15730;5489;41832;27;1307;9975;6313;4726;1356;9173;8954;40759;6;1698;7383;5851;4643;1710;8759;10709;18627;8;951;5808;2583;1279;1070;3608;3321;23205;20;356;4167;3730;3447;286;5565;5633;8379;0;27;451;664;1001;306;0;5930;19815;8;986;8043;5010;3115;935;31;1686;13639;19;294;1480;639;610;116;9142;1338
"69387";"82";"69";"691";"6999";"8214";"Lyon 7e Arrondissement";71171;61716;53860;52119;57121;62200;10;11288;;;;;4697;;;;;1191;1244;1167;1116;1076;1131;1051;1060;985;965;933;942;862;400;394;431;417;406;424;412;415;475;478;425;436;378;9792;25634;15490;9680;6264;4311;8935;20832;12805;9303;6086;3755;34212;5077;11634;8251;4709;3061;1348;133;7165;23838;3209;36959;4715;14000;7239;4971;3203;2579;251;7517;24819;4623;61354;17;1344;9739;11790;10577;4934;9303;13652;52787;12;1420;5448;8220;9236;5136;8736;14579;29198;17;994;5733;5647;3211;4079;4049;5468;32156;0;349;4006;6142;7366;854;5254;8184;16514;0;53;1193;1985;2492;1075;0;9716;31290;12;1044;7576;8978;7211;3401;62;3007;13550;5;247;970;827;874;458;9241;928
"69388";"82";"69";"691";"6999";"8214";"Lyon 8e Arrondissement";78793;70276;64763;65773;71222;77100;7;13071;;;;;6654;;;;;1313;1283;1335;1248;1261;1258;1216;1203;1206;1130;1123;1058;1033;580;637;591;595;619;615;589;570;661;575;588;623;628;13081;22037;16233;12377;8428;6638;11442;19152;14362;11247;8973;5100;36606;6630;9951;8233;5916;3822;1929;125;9409;22969;4228;42187;6450;12085;7999;6461;4607;4062;523;9603;25274;7311;65716;29;1138;7016;10732;11475;7294;13658;14373;58770;4;1264;4000;8228;10121;7624;12812;14717;29916;25;955;4024;4898;3073;5987;5526;5428;35800;4;183;2991;5834;8402;1307;8132;8945;14676;0;38;559;1533;2177;1244;0;9125;32114;29;904;5754;8210;8208;5337;94;3577;18926;0;196;703;989;1090;713;13564;1671
"69389";"82";"69";"691";"6999";"8214";"Lyon 9e Arrondissement";48546;47029;47124;48167;53839;56900;7;9008;;;;;4135;;;;;880;863;850;864;891;909;848;807;779;811;756;740;753;365;356;373;364;348;365;371;383;412;376;373;383;387;8719;12313;10152;8029;5367;3966;9361;11366;10236;7880;5357;2829;23023;4474;5925;5140;3765;2364;1280;74;6098;14248;2676;25523;4245;6388;5013;4263;3002;2338;274;5842;15270;4411;39824;7;976;4346;6389;7321;4704;8197;7883;37645;4;996;2496;5088;7400;5820;7140;8701;18554;3;716;2644;3120;1895;3805;3337;3033;21271;4;260;1702;3269;5426;899;4860;4850;7828;0;46;243;813;1398;883;0;4446;20153;7;751;3543;5030;5137;3346;41;2298;11843;0;179;559;546;786;476;8156;1140
"75101";"11";"75";"751";"7599";"1101";"Paris 1er Arrondissement";17308;16895;18360;18509;22793;32332;2;2334;1924;1925;1681;2830;1221;1599;1942;1972;2493;226;222;212;203;185;236;220;231;189;217;199;226;216;113;126;91;103;101;94;114;102;127;119;114;122;134;1926;4107;4793;3135;2093;1255;1850;4551;4027;3260;2008;1199;8729;971;2005;2664;1611;1033;416;29;1294;6446;988;8579;955;2102;2129;1524;1060;663;147;1320;5840;1419;15380;15;827;5522;2152;1772;392;2348;2352;15129;16;908;4264;1928;2097;632;2508;2776;7758;8;528;3212;1044;714;344;977;929;7623;7;299;2310;1107;1058;48;1371;1423;2154;0;9;261;245;281;46;0;1312;8897;15;640;4455;1662;1160;292;1;672;4329;0;178;806;245;331;55;2347;368
"75102";"11";"75";"751";"7599";"1101";"Paris 2e Arrondissement";23009;19640;20738;21203;26328;35357;1;3737;2563;2492;2397;4023;1212;1620;1941;2303;3065;327;360;316;338;320;324;359;370;346;391;322;317;334;84;97;94;104;113;94;106;103;134;101;107;122;134;2875;6143;7026;3837;2141;987;2352;5376;5419;3618;1817;1058;11989;1443;2958;4029;2115;1092;316;37;1857;9227;905;11020;1432;3185;2997;1723;1049;564;69;1880;7940;1199;20145;8;879;7267;2981;2330;1221;2323;3136;17328;4;840;4328;2560;2538;1584;2384;3090;10549;8;668;4267;1487;889;879;1082;1269;9596;0;211;3000;1495;1441;342;1241;1867;3013;0;23;306;353;437;169;0;1725;12872;8;700;6245;2385;1571;895;19;1050;4260;0;157;717;243;322;157;2304;361
"75103";"11";"75";"751";"7599";"1101";"Paris 3e Arrondissement";35652;34232;35102;36094;41706;56252;1;5476;4396;4156;3783;5629;2162;2675;3094;3363;4356;435;518;479;451;505;453;503;490;496;515;539;534;511;173;178;170;171;162;170;185;194;197;186;234;250;243;4319;8745;10139;6138;4323;1989;4257;9616;8854;6184;3461;1860;17755;2183;4079;5460;3270;2024;665;74;2850;13054;1851;17897;2135;4666;4679;2868;2299;1124;126;2864;12567;2466;31328;16;1352;11450;4861;3468;1140;4579;4463;30117;0;1460;8296;4412;4036;1768;4288;5857;15560;15;851;6576;2352;1389;722;1967;1689;15768;1;501;4874;2509;2079;418;2612;2775;4324;0;36;502;494;608;124;0;2560;18771;13;1004;9288;3831;2418;883;24;1309;8234;3;312;1660;536;442;133;4555;594
"75104";"11";"75";"751";"7599";"1101";"Paris 4e Arrondissement";28012;30671;32226;33990;40466;54029;2;3623;3094;3341;3003;4873;2261;2516;3130;3332;4276;321;289;342;306;323;309;318;309;340;356;338;325;357;187;205;189;180;182;184;217;192;217;228;217;223;232;3153;7052;6707;4991;3823;2286;3163;8218;7121;5992;3831;2346;13485;1572;3297;3607;2450;1754;763;42;2163;9531;1791;14527;1581;3756;3100;2541;2069;1305;176;2186;9716;2625;24898;15;1103;8099;3659;2745;751;4449;4078;27518;16;1320;7640;3512;3585;1000;4904;5541;11935;9;737;4591;1588;1038;565;1854;1553;12963;6;366;3507;2071;1707;186;2595;2526;3848;0;19;444;386;444;196;0;2359;13267;9;762;6171;2750;1974;474;24;1103;7783;6;322;1484;523;327;81;4425;616
"75105";"11";"75";"751";"7599";"1101";"Paris 5e Arrondissement";60938;58841;61222;62173;67668;83721;3;6383;5869;5714;5251;7264;4374;4554;4867;4957;5972;536;564;543;554;558;608;578;559;592;556;604;610;621;389;358;374;333;395;341;410;372;436;381;419;445;468;6771;17901;12050;10412;8373;5431;6700;17708;11718;11200;6879;4636;28023;3556;8086;6047;4844;3636;1694;160;5571;18534;3918;32915;3216;9814;6003;5568;4737;3104;473;5439;21136;6340;54172;30;1480;17041;6886;4749;1300;10151;12535;52050;8;1960;14588;6360;4960;1260;8952;13962;24535;19;960;9300;2713;1619;992;3880;5053;29637;11;520;7741;4173;3130;308;6272;7483;11833;0;52;1064;837;854;179;0;8847;25086;10;984;12595;5064;3143;861;47;2383;17253;20;445;3382;984;752;260;10105;1305
"75106";"11";"75";"751";"7599";"1101";"Paris 6e Arrondissement";43451;44903;47891;48905;56331;70891;2;4548;4046;4150;3927;5253;3579;3644;4212;4165;5108;371;407;387;389;382;396;437;445;401;412;425;446;428;291;323;298;294;311;332;302;300;369;320;363;325;365;4696;11583;7615;7694;7191;4673;4938;12520;8202;8934;6243;4066;19421;2253;5238;3595;3465;3196;1552;122;3925;12029;3466;24030;2442;6345;4019;4229;3995;2604;395;4366;14286;5378;38753;57;1682;11322;4114;3397;894;8272;9014;40064;20;1876;10840;3732;3588;904;7572;11532;17183;27;1131;5939;1616;1021;685;3323;3441;21570;30;551;5383;2498;2376;209;4949;5573;7987;0;20;630;532;700;119;0;5986;16029;24;1061;7798;2795;2004;630;36;1680;14738;33;601;2895;787;693;145;8236;1347
"75107";"11";"75";"751";"7599";"1101";"Paris 7e Arrondissement";57974;56988;62939;67461;74250;87811;4;6706;5797;5933;5507;7010;4989;5036;5366;5660;6426;596;540;571;568;548;582;579;621;626;673;656;634;648;419;389;452;407;428;395;439;450;483;456;477;461;541;7334;13345;10919;10985;9377;6015;7008;13743;10854;11623;8028;5732;26430;3774;5808;5285;5173;4045;2184;163;5204;16529;4698;31544;3560;7537;5634;5812;5332;3187;481;5401;19324;6819;50634;45;2307;15219;5451;5040;1445;10290;10838;50060;8;2572;12716;4588;5473;1460;9700;13543;22664;36;1574;8571;2287;1462;1121;4359;3254;27971;9;733;6648;3164;3577;324;5932;7583;8404;0;26;760;701;940;211;0;5765;22951;21;1377;10914;3762;3058;1026;107;2685;19279;23;904;3544;987;1041;208;10184;2387
"75108";"11";"75";"751";"7599";"1101";"Paris 8e Arrondissement";41280;39303;40814;46403;52999;67897;4;5983;4321;4405;3931;5277;2917;3105;3622;3797;4502;497;536;528;525;514;567;513;537;600;595;512;578;514;222;222;246;256;234;277;265;257;283;256;285;291;267;6232;9819;8481;8155;5743;2850;5664;9460;8129;8306;4606;3138;19630;3068;4591;4162;3846;2800;1072;92;4538;12548;2544;21650;3165;5228;4318;4309;2943;1485;202;4723;13603;3323;35045;45;1848;11122;3753;4017;1066;5557;7636;33680;18;2008;8562;3356;5044;1437;5420;7835;16547;28;1339;6299;1613;1104;864;2575;2726;18497;17;509;4823;2140;2913;202;2982;4910;6576;0;42;597;477;639;132;0;4688;17203;30;1121;8332;2676;2522;747;18;1756;11265;15;685;2192;599;857;187;5539;1191
"75109";"11";"75";"751";"7599";"1101";"Paris 9e Arrondissement";60139;55783;58019;64134;70270;84969;2;10203;7466;6803;5877;7567;3976;4566;5296;5615;6800;914;974;928;956;925;979;905;930;888;908;984;900;900;320;313;306;313;321;353;368;335;378;380;388;418;416;8729;14757;16000;10800;6590;3264;7510;14174;13794;10451;5981;3873;29193;4576;6872;8304;5202;3010;1125;102;5938;20430;2825;30946;4152;7884;7695;5598;3580;1804;234;5613;21294;4040;51397;53;2174;18321;7729;5970;1966;7331;7854;48263;12;2304;12841;6606;6917;2365;8066;9152;24615;36;1494;9910;3309;2146;1477;3067;3176;26782;16;680;8410;4421;3824;489;4264;4678;7840;0;38;750;814;1120;249;3;4867;30394;36;1595;15137;6031;4056;1455;50;2034;13163;17;541;2434;884;795;261;7279;953
"75110";"11";"75";"751";"7599";"1101";"Paris 10e Arrondissement";95394;89685;90083;86970;94046;113372;3;17953;13908;12803;10083;12744;5959;6545;7447;8057;9531;1525;1565;1707;1608;1628;1672;1660;1578;1574;1687;1623;1620;1596;487;520;467;480;513;510;507;490;633;615;552;606;586;14746;23112;26831;17021;9458;4226;13557;23199;23865;15996;8147;4921;48140;7522;11095;14315;8932;4652;1495;129;9487;34558;4095;47254;7224;12017;12516;8088;4806;2270;332;9466;32503;5284;80632;22;2682;24110;13283;11805;5724;10512;12494;76236;12;2868;15112;11676;12506;8068;11156;14838;40586;19;1856;13530;6263;4672;4296;4783;5166;40046;3;826;10580;7020;7133;1428;5728;7328;11852;0;86;1100;1337;1989;629;0;6711;50157;22;2061;20272;10755;8483;4215;74;4276;18623;0;534;2739;1192;1333;880;10438;1507
"75111";"11";"75";"751";"7599";"1101";"Paris 11e Arrondissement";153202;149166;154165;146931;159317;179727;4;24908;21670;21462;17813;21383;10340;11275;12642;12754;14184;2105;2230;2110;2023;2242;2288;2271;2268;2237;2444;2256;2422;2347;780;844;860;852;832;823;911;917;1065;1001;1020;1012;1047;19375;38886;41929;26156;17492;9364;19806;39863;38051;26832;15436;9178;73244;9978;17854;21468;12769;8052;2891;232;13229;52637;7378;79958;9397;21032;20461;13387;9440;5611;630;12836;55639;11484;133830;47;3941;40561;23652;17289;6839;21598;19904;129129;4;4891;27475;21193;19680;10257;21363;24266;63273;42;2783;21412;10479;6389;5321;8656;8191;70557;5;1158;19149;13174;10900;1518;12942;11713;19818;4;121;2028;2459;2881;718;0;11606;78876;32;2903;33871;18592;12365;5049;170;5894;35136;11;917;4662;2602;2042;1071;21428;2404
"75112";"11";"75";"751";"7599";"1101";"Paris 12e Arrondissement";144262;136662;130257;138015;140900;155982;16;21034;16823;14466;12949;15778;11820;11768;11984;11234;12062;1867;2015;1875;1940;1911;1951;1876;1960;1837;1890;1898;1955;1941;1045;1069;955;961;1014;1037;1069;1052;1164;1105;1166;1131;1166;19087;33831;34358;27086;17654;12246;18877;32418;32718;25021;16465;11163;67857;9843;16192;17364;12800;7797;3557;304;13185;46753;7918;76405;9244;17640;16994;14286;9856;7333;1052;12678;49845;13882;125159;23;2939;36212;20593;16272;5814;24953;18353;117430;0;3681;25572;19616;17832;6268;23996;20465;57994;13;2034;19527;8624;5765;4743;9662;7625;67165;10;905;16685;11969;10507;1071;15291;10728;17907;0;73;1752;1964;2421;641;3;11053;68313;13;2086;29434;15877;11723;4178;129;4871;38940;10;780;5025;2752;2128;995;24821;2429
"75113";"11";"75";"751";"7599";"1101";"Paris 13e Arrondissement";181532;171577;171098;170818;163313;158280;7;24464;20699;20016;18609;18246;13545;12506;11683;10857;11965;2091;2252;2251;2227;2237;2192;2117;2215;2213;2148;2236;2345;2283;1168;1194;1185;1185;1146;1159;1187;1164;1387;1318;1285;1270;1259;25316;44206;38513;35642;24397;13457;25256;40890;39807;34425;19822;11377;86118;13187;21427;19592;16615;10741;4246;309;18356;57470;10292;95414;12130;22779;18921;19026;13656;7783;1119;17200;61658;16556;156226;26;3426;37844;24271;23395;7884;30513;28866;146184;4;3888;28577;22622;25089;9823;27218;28963;72950;5;2412;20456;10274;8503;6221;12428;12650;83276;21;1014;17388;13997;14892;1663;18086;16216;26679;0;98;2060;2839;3729;799;1;17153;79655;20;2355;29251;17815;16479;5833;205;7698;49891;6;973;6533;3616;3188;1252;30308;4015
"75114";"11";"75";"751";"7599";"1101";"Paris 14e Arrondissement";138299;132822;136574;138596;149137;167093;6;18455;14826;14304;13018;16681;11161;10982;11187;11192;12549;1582;1730;1744;1594;1627;1661;1721;1664;1703;1723;1681;1714;1623;954;932;958;978;968;908;1025;951;1197;1052;975;1019;1130;17214;37733;29812;24404;17952;11184;16279;36218;29678;24801;15409;10437;63534;8788;18007;14606;10803;7590;3447;294;11908;43643;7982;74765;8427;19726;15206;13601;10362;6351;1092;11837;49594;13334;121071;63;2953;34388;17548;14909;4616;22932;23662;116368;8;3416;27756;16128;15522;4824;21712;27002;54709;46;1958;18076;7202;4772;3563;8721;10370;66363;17;996;16312;10345;10137;1053;14210;13292;21826;0;73;2283;2048;2541;583;1;14297;61764;41;2007;26521;12960;10126;3366;175;6567;37481;22;874;5584;2539;2242;667;22755;2798
"75115";"11";"75";"751";"7599";"1101";"Paris 15e Arrondissement";236715;225467;223940;225596;231301;244080;8;34508;26949;24536;22984;25676;17477;16877;16928;16341;16882;3132;3160;3142;3143;2964;3138;3079;3183;3160;3167;3135;3188;3209;1508;1552;1483;1605;1471;1475;1558;1517;1739;1570;1709;1589;1761;31731;58459;54270;41782;30542;19931;28732;57020;51646;41712;27828;18529;107110;15914;26360;26410;18801;12824;6300;501;21652;71630;13827;129605;15817;32099;27861;22981;17717;11533;1597;22061;84166;23378;204995;79;5349;64241;29996;23557;6739;40004;35029;196842;28;6203;52312;28620;24978;7424;38351;38926;91196;62;3682;34581;11910;7280;5328;15702;12650;113799;17;1668;29660;18086;16277;1411;24302;22378;32396;0;133;3591;3303;3878;923;0;20567;108140;55;3795;51168;22444;16278;4891;242;9267;64459;25;1421;9483;4248;3401;925;39763;5195
"75116";"11";"75";"751";"7599";"1101";"Paris 16e Arrondissement";171124;161817;169863;179446;193590;214120;16;21402;17119;15695;14845;17785;14887;14860;15117;14054;14558;1798;1860;1884;1802;1869;1888;1888;1985;1953;2005;2113;1994;2021;1238;1304;1312;1249;1344;1314;1196;1268;1467;1374;1400;1412;1551;25430;34410;32104;32975;26324;19881;22324;34017;31497;33717;22989;17273;76973;12831;15909;14753;14749;11532;6583;616;18258;45232;13483;94151;12600;18501;17351;18225;14792;10791;1892;18294;54562;21295;145693;204;7182;39644;15336;15053;3461;31104;33708;139527;76;7875;32367;12869;16432;4387;27824;37697;64123;114;5198;21945;6146;4205;2734;13411;10370;81570;90;1985;17699;9190;10848;727;17693;23338;23539;0;139;1578;1755;2105;390;0;17571;64951;75;4410;29326;11135;9737;2487;180;7599;57203;130;2633;8740;2446;3210;583;30924;8537
"75117";"11";"75";"751";"7599";"1101";"Paris 17e Arrondissement";169325;161138;161935;169513;186293;210299;6;27176;20762;18992;16533;19915;12743;13514;14533;14418;15885;2478;2529;2473;2463;2431;2496;2400;2559;2479;2566;2477;2487;2345;1019;991;1018;1040;1025;1064;1182;1120;1229;1231;1221;1339;1274;25238;39502;40659;30337;20665;12923;22931;38586;37752;29894;18802;13173;78207;12539;18223;19700;14153;9412;3896;284;16647;52349;9211;91118;12699;21279;20959;16184;11254;7653;1090;16938;59261;14919;144119;109;5261;44138;20447;18174;6476;25116;24399;138385;46;5793;31775;19039;19856;8037;25609;28230;65675;77;3635;23462;8522;5366;5118;10164;9332;78444;32;1625;20676;11925;12808;1359;14952;15067;21662;0;102;2148;2184;2955;710;3;13561;79343;73;3775;36242;15662;12352;4684;152;6403;43115;36;1384;5747;2601;2867;1083;24961;4435
"75118";"11";"75";"751";"7599";"1101";"Paris 18e Arrondissement";202685;184581;187657;186866;208970;236776;6;37194;28804;26139;20977;25717;14442;15080;17172;17010;19404;3334;3494;3434;3336;3366;3534;3534;3513;3428;3292;3420;3218;3119;1146;1200;1175;1238;1195;1150;1229;1264;1453;1356;1480;1394;1508;30665;46856;55126;36148;22054;11836;28032;42551;49028;33576;19438;11956;98600;15551;22257;28281;17865;10598;3759;289;20008;68869;9723;104085;15114;24599;26845;18283;11456;6834;955;19522;70206;14357;172051;56;5030;41365;28603;27057;13827;27175;28940;156411;40;5592;25658;23697;29470;16043;27788;28123;83087;20;3404;22165;13107;9733;10856;11439;12363;88964;36;1626;19200;15496;17324;2970;15736;16576;24072;0;160;1755;2774;4060;1334;0;13990;102898;35;3803;34682;22990;19661;10618;256;10853;45081;21;1067;4928;2839;3336;1875;26919;4097
"75119";"11";"75";"751";"7599";"1101";"Paris 19e Arrondissement";186652;172587;165062;162649;144357;148862;7;36667;26953;23331;17947;16847;12128;11323;11100;9989;10636;3103;3225;3136;3171;3264;3269;3351;3368;3380;3584;3497;3366;3281;1014;1104;1011;1085;1005;1088;1091;987;1164;1152;1256;1157;1132;34145;40367;43548;36286;21336;10970;32978;36967;43286;32347;17886;9123;89859;17294;19536;21580;17511;9968;3807;162;22697;57827;9336;96793;16851;20831;21968;18775;11368;6354;646;22476;61172;13145;152488;38;4442;28655;24763;27388;11851;26522;28829;139508;12;4943;19864;21251;26908;14092;23682;28756;72539;24;3223;15871;11529;9373;9188;11340;11991;79949;14;1219;12784;13234;18015;2663;15181;16838;24769;0;104;1067;2446;4210;1281;0;15662;83883;32;3335;23625;19165;19689;8552;280;9203;43836;6;1002;3963;3152;3490;2019;26241;3964
"75120";"11";"75";"751";"7599";"1101";"Paris 20e Arrondissement";196880;183093;184478;171971;175795;188921;6;33529;26434;24313;19364;21508;15038;14367;13878;13101;14423;2856;2977;3001;3026;3021;3205;3069;3032;3051;3108;3062;3061;2893;1214;1272;1245;1278;1250;1308;1305;1267;1563;1458;1479;1436;1449;32742;41140;49053;38821;22744;12380;30391;40851;46402;34332;19706;11411;92938;16689;19057;24374;18142;10518;3832;326;21640;61535;9763;103942;16053;22082;24679;20679;12226;7270;952;21313;67681;14949;164107;15;4191;34760;28348;27547;12799;29209;27239;152714;4;4408;23328;25643;28935;14871;27658;27867;76272;10;2917;18411;12268;9401;10140;11891;11233;87835;5;1274;16348;16079;18147;2658;17318;16005;24227;0;150;1276;2662;3952;1410;0;14777;92516;10;3165;28515;22431;20176;9472;260;8487;47364;4;876;4969;3255;3419;1917;28949;3975
